#{"t_start": 1738146913.7670631, "env_id": "LunarLanderTargetPos"}
r,l,t
-124.182313,74,2.497987
-80.992328,82,4.185391
-199.716788,112,6.4742
-216.625257,87,8.264292
-114.29974,63,9.565898
