#{"t_start": 1738182431.098509, "env_id": "LunarLanderTargetPos"}
r,l,t
-252.151811,86,2.852921
-92.503671,63,4.162379
