#{"t_start": 1738146641.3297493, "env_id": "LunarLanderTargetPos"}
r,l,t
-190.12007,84,2.653049
-284.770968,100,4.698289
-152.810008,102,6.787626
-193.541809,107,8.97632
